source_spanish,reference_english,model_decode,prediction,token_overlap,length_ratio,error_tag
él no es un paciente sino médico en este hospital .,he is not a patient but a doctor in this hospital .,seq2seq_beam,he is not a luxury but a in this this .,0.7272727272727273,0.9166666666666666,semantic_or_grammar_error
él no es un paciente sino médico en este hospital .,he is not a patient but a doctor in this hospital .,seq2seq_greedy,he isn t a good but in this this .,0.5454545454545454,0.8333333333333334,semantic_or_grammar_error
él no es un paciente sino médico en este hospital .,he is not a patient but a doctor in this hospital .,transformer_beam,he is not a doctor but in this medicine .,0.8181818181818182,0.8333333333333334,semantic_or_grammar_error
él no es un paciente sino médico en este hospital .,he is not a patient but a doctor in this hospital .,transformer_greedy,he is not a doctor but in this medicine .,0.8181818181818182,0.8333333333333334,semantic_or_grammar_error
no creo que sea peligroso .,i don t think it s dangerous .,seq2seq_beam,i don t think it s dangerous .,1.0,1.0,semantic_or_grammar_error
no creo que sea peligroso .,i don t think it s dangerous .,seq2seq_greedy,i don t think it s dangerous .,1.0,1.0,semantic_or_grammar_error
no creo que sea peligroso .,i don t think it s dangerous .,transformer_beam,i don t think it s dangerous .,1.0,1.0,semantic_or_grammar_error
no creo que sea peligroso .,i don t think it s dangerous .,transformer_greedy,i don t think it s dangerous .,1.0,1.0,semantic_or_grammar_error
¿ cuál es tu equipo de fútbol favorito ?,what s your favorite soccer team ?,seq2seq_beam,what s your favorite football team ?,0.8571428571428571,1.0,semantic_or_grammar_error
¿ cuál es tu equipo de fútbol favorito ?,what s your favorite soccer team ?,seq2seq_greedy,what s your favorite football team ?,0.8571428571428571,1.0,semantic_or_grammar_error
¿ cuál es tu equipo de fútbol favorito ?,what s your favorite soccer team ?,transformer_beam,what s your favorite team ?,0.8571428571428571,0.8571428571428571,semantic_or_grammar_error
¿ cuál es tu equipo de fútbol favorito ?,what s your favorite soccer team ?,transformer_greedy,what s your favorite team ?,0.8571428571428571,0.8571428571428571,semantic_or_grammar_error
si estás a mi lado no necesito nada más .,if you are by my side i don t need anything else .,seq2seq_beam,if you re my my i don t need anything .,0.6923076923076923,0.8461538461538461,semantic_or_grammar_error
si estás a mi lado no necesito nada más .,if you are by my side i don t need anything else .,seq2seq_greedy,if you re my my i don t need anything .,0.6923076923076923,0.8461538461538461,semantic_or_grammar_error
si estás a mi lado no necesito nada más .,if you are by my side i don t need anything else .,transformer_beam,i don t need anything else if you re in my side .,0.8461538461538461,1.0,semantic_or_grammar_error
si estás a mi lado no necesito nada más .,if you are by my side i don t need anything else .,transformer_greedy,i don t need anything else if you re in my side .,0.8461538461538461,1.0,semantic_or_grammar_error
una bomba de tiempo estalló en el aeropuerto matando a trece personas .,a time bomb went off in the airport killing thirteen people .,seq2seq_beam,a bomb of time the time the airport to to see people .,0.5833333333333334,1.0833333333333333,semantic_or_grammar_error
una bomba de tiempo estalló en el aeropuerto matando a trece personas .,a time bomb went off in the airport killing thirteen people .,seq2seq_greedy,a of the time it in the airport to to to be thirteen .,0.5833333333333334,1.1666666666666667,semantic_or_grammar_error
una bomba de tiempo estalló en el aeropuerto matando a trece personas .,a time bomb went off in the airport killing thirteen people .,transformer_beam,the airport people in an hour .,0.4166666666666667,0.5833333333333334,under_translation
una bomba de tiempo estalló en el aeropuerto matando a trece personas .,a time bomb went off in the airport killing thirteen people .,transformer_greedy,the airport people in a year .,0.5,0.5833333333333334,under_translation
él construyó un robot .,he made a robot .,seq2seq_beam,he built a a .,0.6,1.0,semantic_or_grammar_error
él construyó un robot .,he made a robot .,seq2seq_greedy,he built a a .,0.6,1.0,semantic_or_grammar_error
él construyó un robot .,he made a robot .,transformer_beam,he built a piece of land .,0.6,1.4,semantic_or_grammar_error
él construyó un robot .,he made a robot .,transformer_greedy,he built a piece of his chest .,0.6,1.6,semantic_or_grammar_error
la reunión fue en resumen una pérdida de tiempo .,the meeting in short was a waste of time .,seq2seq_beam,the meeting was been in a waste of time .,0.9,1.0,semantic_or_grammar_error
la reunión fue en resumen una pérdida de tiempo .,the meeting in short was a waste of time .,seq2seq_greedy,the meeting was been to a waste of time .,0.8,1.0,semantic_or_grammar_error
la reunión fue en resumen una pérdida de tiempo .,the meeting in short was a waste of time .,transformer_beam,the meeting was a waste of time on her .,0.8,1.0,semantic_or_grammar_error
la reunión fue en resumen una pérdida de tiempo .,the meeting in short was a waste of time .,transformer_greedy,the meeting was a waste of time on her .,0.8,1.0,semantic_or_grammar_error
tom no se va a casar contigo .,tom isn t going to marry you .,seq2seq_beam,tom isn t going to marry you .,1.0,1.0,semantic_or_grammar_error
tom no se va a casar contigo .,tom isn t going to marry you .,seq2seq_greedy,tom isn t get to marry you .,0.875,1.0,semantic_or_grammar_error
tom no se va a casar contigo .,tom isn t going to marry you .,transformer_beam,tom won t be in with you .,0.5,1.0,semantic_or_grammar_error
tom no se va a casar contigo .,tom isn t going to marry you .,transformer_greedy,tom won t be in with you .,0.5,1.0,semantic_or_grammar_error
ése es mío .,that s mine .,seq2seq_beam,this is mine .,0.5,1.0,semantic_or_grammar_error
ése es mío .,that s mine .,seq2seq_greedy,that s mine .,1.0,1.0,semantic_or_grammar_error
ése es mío .,that s mine .,transformer_beam,it s mine .,0.75,1.0,semantic_or_grammar_error
ése es mío .,that s mine .,transformer_greedy,it s mine .,0.75,1.0,semantic_or_grammar_error
tenemos que estar en el trabajo a las nueve .,we have to be at work by nine .,seq2seq_beam,we need to be in work at nine .,0.7777777777777778,1.0,semantic_or_grammar_error
tenemos que estar en el trabajo a las nueve .,we have to be at work by nine .,seq2seq_greedy,we have to be in work at nine .,0.8888888888888888,1.0,semantic_or_grammar_error
tenemos que estar en el trabajo a las nueve .,we have to be at work by nine .,transformer_beam,we have to be late at work .,0.7777777777777778,0.8888888888888888,semantic_or_grammar_error
tenemos que estar en el trabajo a las nueve .,we have to be at work by nine .,transformer_greedy,we have to be at the job .,0.6666666666666666,0.8888888888888888,semantic_or_grammar_error
fue un día realmente hermoso .,it was a really beautiful day .,seq2seq_beam,it was a really beautiful day .,1.0,1.0,semantic_or_grammar_error
fue un día realmente hermoso .,it was a really beautiful day .,seq2seq_greedy,it was a really beautiful day .,1.0,1.0,semantic_or_grammar_error
fue un día realmente hermoso .,it was a really beautiful day .,transformer_beam,it was a beautiful day .,0.8571428571428571,0.8571428571428571,semantic_or_grammar_error
fue un día realmente hermoso .,it was a really beautiful day .,transformer_greedy,it was a beautiful day .,0.8571428571428571,0.8571428571428571,semantic_or_grammar_error
el sol de la tarde llega directamente a mi pieza .,the afternoon sun comes directly into my room .,seq2seq_beam,the s the second late for my room number .,0.4444444444444444,1.1111111111111112,semantic_or_grammar_error
el sol de la tarde llega directamente a mi pieza .,the afternoon sun comes directly into my room .,seq2seq_greedy,the sun set the second week my room my room .,0.5555555555555556,1.2222222222222223,semantic_or_grammar_error
el sol de la tarde llega directamente a mi pieza .,the afternoon sun comes directly into my room .,transformer_beam,my room came near the sun .,0.5555555555555556,0.7777777777777778,semantic_or_grammar_error
el sol de la tarde llega directamente a mi pieza .,the afternoon sun comes directly into my room .,transformer_greedy,my room came near the sun .,0.5555555555555556,0.7777777777777778,semantic_or_grammar_error
tom no estaba convencido de que fuera una buena idea .,tom wasn t convinced it was a good idea .,seq2seq_beam,tom wasn t convinced of a good idea .,0.8,0.9,semantic_or_grammar_error
tom no estaba convencido de que fuera una buena idea .,tom wasn t convinced it was a good idea .,seq2seq_greedy,tom wasn t convinced that he was a good idea .,0.9,1.1,semantic_or_grammar_error
tom no estaba convencido de que fuera una buena idea .,tom wasn t convinced it was a good idea .,transformer_beam,tom wasn t aware that he was a good idea .,0.8,1.1,semantic_or_grammar_error
tom no estaba convencido de que fuera una buena idea .,tom wasn t convinced it was a good idea .,transformer_greedy,tom wasn t that he was a good idea .,0.8,1.0,semantic_or_grammar_error
viajar en el tiempo es imposible .,time travel is impossible .,seq2seq_beam,traveling on time is impossible .,0.8,1.2,semantic_or_grammar_error
viajar en el tiempo es imposible .,time travel is impossible .,seq2seq_greedy,traveling on time is impossible .,0.8,1.2,semantic_or_grammar_error
viajar en el tiempo es imposible .,time travel is impossible .,transformer_beam,traveling is impossible .,0.6,0.8,semantic_or_grammar_error
viajar en el tiempo es imposible .,time travel is impossible .,transformer_greedy,traveling is impossible .,0.6,0.8,semantic_or_grammar_error
debo irme mañana por la mañana .,i must leave tomorrow morning .,seq2seq_beam,i must go tomorrow tomorrow morning .,0.8333333333333334,1.1666666666666667,semantic_or_grammar_error
debo irme mañana por la mañana .,i must leave tomorrow morning .,seq2seq_greedy,i must go tomorrow tomorrow morning .,0.8333333333333334,1.1666666666666667,semantic_or_grammar_error
debo irme mañana por la mañana .,i must leave tomorrow morning .,transformer_beam,i must go tomorrow afternoon .,0.6666666666666666,1.0,semantic_or_grammar_error
debo irme mañana por la mañana .,i must leave tomorrow morning .,transformer_greedy,i must go tomorrow afternoon .,0.6666666666666666,1.0,semantic_or_grammar_error
fui despedido .,i was dismissed .,seq2seq_beam,i was fired .,0.75,1.0,semantic_or_grammar_error
fui despedido .,i was dismissed .,seq2seq_greedy,i went fired .,0.5,1.0,semantic_or_grammar_error
fui despedido .,i was dismissed .,transformer_beam,i went on you .,0.5,1.25,semantic_or_grammar_error
fui despedido .,i was dismissed .,transformer_greedy,i went on you .,0.5,1.25,semantic_or_grammar_error
¿ lo hiciste tú solo ?,did you do this on your own ?,seq2seq_beam,did you do you alone ?,0.5,0.75,semantic_or_grammar_error
¿ lo hiciste tú solo ?,did you do this on your own ?,seq2seq_greedy,did you do you alone ?,0.5,0.75,semantic_or_grammar_error
¿ lo hiciste tú solo ?,did you do this on your own ?,transformer_beam,did you do it alone ?,0.5,0.75,semantic_or_grammar_error
¿ lo hiciste tú solo ?,did you do this on your own ?,transformer_greedy,did you do it alone ?,0.5,0.75,semantic_or_grammar_error
¿ qué planes tienes para la tarde ?,what do you have planned for the afternoon ?,seq2seq_beam,what do you have for the afternoon ?,0.8888888888888888,0.8888888888888888,semantic_or_grammar_error
¿ qué planes tienes para la tarde ?,what do you have planned for the afternoon ?,seq2seq_greedy,what do you have for the afternoon ?,0.8888888888888888,0.8888888888888888,semantic_or_grammar_error
¿ qué planes tienes para la tarde ?,what do you have planned for the afternoon ?,transformer_beam,what do you have plans for the afternoon ?,0.8888888888888888,1.0,semantic_or_grammar_error
¿ qué planes tienes para la tarde ?,what do you have planned for the afternoon ?,transformer_greedy,what are you ready for the afternoon ?,0.6666666666666666,0.8888888888888888,semantic_or_grammar_error
es para ti .,this is for you .,seq2seq_beam,he is for you .,0.8,1.0,semantic_or_grammar_error
es para ti .,this is for you .,seq2seq_greedy,that s for you .,0.6,1.0,semantic_or_grammar_error
es para ti .,this is for you .,transformer_beam,it s for you .,0.6,1.0,semantic_or_grammar_error
es para ti .,this is for you .,transformer_greedy,it s for you .,0.6,1.0,semantic_or_grammar_error
la risa es contagiosa .,laughter is infectious .,seq2seq_beam,the is is a .,0.5,1.25,semantic_or_grammar_error
la risa es contagiosa .,laughter is infectious .,seq2seq_greedy,the is is a .,0.5,1.25,semantic_or_grammar_error
la risa es contagiosa .,laughter is infectious .,transformer_beam,his tears is either .,0.5,1.25,semantic_or_grammar_error
la risa es contagiosa .,laughter is infectious .,transformer_greedy,the population is his .,0.5,1.25,semantic_or_grammar_error
mi auto necesita lavarse .,my car needs washing .,seq2seq_beam,my car needs to be washed .,0.8,1.4,semantic_or_grammar_error
mi auto necesita lavarse .,my car needs washing .,seq2seq_greedy,my car needs to be washed .,0.8,1.4,semantic_or_grammar_error
mi auto necesita lavarse .,my car needs washing .,transformer_beam,my car needs to be washed .,0.8,1.4,semantic_or_grammar_error
mi auto necesita lavarse .,my car needs washing .,transformer_greedy,my car needs to get washed .,0.8,1.4,semantic_or_grammar_error
es mi mejor amigo .,he s my best friend .,seq2seq_beam,it s my best friend .,0.8333333333333334,1.0,semantic_or_grammar_error
es mi mejor amigo .,he s my best friend .,seq2seq_greedy,it s my best friend .,0.8333333333333334,1.0,semantic_or_grammar_error
es mi mejor amigo .,he s my best friend .,transformer_beam,my best friend is my best friend .,0.6666666666666666,1.3333333333333333,semantic_or_grammar_error
es mi mejor amigo .,he s my best friend .,transformer_greedy,my best friend is my best friend .,0.6666666666666666,1.3333333333333333,semantic_or_grammar_error
él estaba en francia .,he was in france .,seq2seq_beam,he was in france .,1.0,1.0,semantic_or_grammar_error
él estaba en francia .,he was in france .,seq2seq_greedy,he was in france .,1.0,1.0,semantic_or_grammar_error
él estaba en francia .,he was in france .,transformer_beam,he was in france .,1.0,1.0,semantic_or_grammar_error
él estaba en francia .,he was in france .,transformer_greedy,he was in france .,1.0,1.0,semantic_or_grammar_error
creo que deberíamos cambiar de tema .,i think we should move on to another topic .,seq2seq_beam,i think we should try in subject .,0.5,0.8,semantic_or_grammar_error
creo que deberíamos cambiar de tema .,i think we should move on to another topic .,seq2seq_greedy,i think we should try in subject .,0.5,0.8,semantic_or_grammar_error
creo que deberíamos cambiar de tema .,i think we should move on to another topic .,transformer_beam,i think we should change the subject .,0.5,0.8,semantic_or_grammar_error
creo que deberíamos cambiar de tema .,i think we should move on to another topic .,transformer_greedy,i think we should change the subject .,0.5,0.8,semantic_or_grammar_error
quisiera ganar más dinero .,i d like to make more money .,seq2seq_beam,i d like to more money .,0.875,0.875,semantic_or_grammar_error
quisiera ganar más dinero .,i d like to make more money .,seq2seq_greedy,i d like to more money .,0.875,0.875,semantic_or_grammar_error
quisiera ganar más dinero .,i d like to make more money .,transformer_beam,i d like to win more money .,0.875,1.0,semantic_or_grammar_error
quisiera ganar más dinero .,i d like to make more money .,transformer_greedy,i d like to win more money .,0.875,1.0,semantic_or_grammar_error
sé que tom te extraña .,i know tom misses you .,seq2seq_beam,i know tom misses you .,1.0,1.0,semantic_or_grammar_error
sé que tom te extraña .,i know tom misses you .,seq2seq_greedy,i know tom misses you .,1.0,1.0,semantic_or_grammar_error
sé que tom te extraña .,i know tom misses you .,transformer_beam,i know tom misses you .,1.0,1.0,semantic_or_grammar_error
sé que tom te extraña .,i know tom misses you .,transformer_greedy,i know you re strange tom misses you .,1.0,1.5,semantic_or_grammar_error
no esperen demasiado de él .,don t expect too much of him .,seq2seq_beam,i don t wait too him .,0.625,0.875,semantic_or_grammar_error
no esperen demasiado de él .,don t expect too much of him .,seq2seq_greedy,i don t need too him .,0.625,0.875,semantic_or_grammar_error
no esperen demasiado de él .,don t expect too much of him .,transformer_beam,he doesn t get too much .,0.5,0.875,semantic_or_grammar_error
no esperen demasiado de él .,don t expect too much of him .,transformer_greedy,he doesn t get too much .,0.5,0.875,semantic_or_grammar_error
no voy a traicionarte .,i am not going to betray you .,seq2seq_beam,i m not going to help you .,0.75,1.0,semantic_or_grammar_error
no voy a traicionarte .,i am not going to betray you .,seq2seq_greedy,i m not going to help you .,0.75,1.0,semantic_or_grammar_error
no voy a traicionarte .,i am not going to betray you .,transformer_beam,i won t go back .,0.25,0.75,semantic_or_grammar_error
no voy a traicionarte .,i am not going to betray you .,transformer_greedy,i won t come to his back .,0.375,1.0,semantic_or_grammar_error
este asunto no me importa .,this matter does not concern me .,seq2seq_beam,this business doesn t matter me .,0.5714285714285714,1.0,semantic_or_grammar_error
este asunto no me importa .,this matter does not concern me .,seq2seq_greedy,this matter doesn t matter to me .,0.5714285714285714,1.1428571428571428,semantic_or_grammar_error
este asunto no me importa .,this matter does not concern me .,transformer_beam,this matter doesn t matter to me .,0.5714285714285714,1.1428571428571428,semantic_or_grammar_error
este asunto no me importa .,this matter does not concern me .,transformer_greedy,this matter doesn t matter .,0.42857142857142855,0.8571428571428571,semantic_or_grammar_error
puedes comprarlo por unos mil yenes .,you can buy it for a thousand yen or so .,seq2seq_beam,you can buy a few by yourself .,0.45454545454545453,0.7272727272727273,semantic_or_grammar_error
puedes comprarlo por unos mil yenes .,you can buy it for a thousand yen or so .,seq2seq_greedy,you can buy a few by yourself .,0.45454545454545453,0.7272727272727273,semantic_or_grammar_error
puedes comprarlo por unos mil yenes .,you can buy it for a thousand yen or so .,transformer_beam,you can come from a few thousand yen .,0.5454545454545454,0.8181818181818182,semantic_or_grammar_error
puedes comprarlo por unos mil yenes .,you can buy it for a thousand yen or so .,transformer_greedy,you can come from a few thousand yen .,0.5454545454545454,0.8181818181818182,semantic_or_grammar_error
¿ por cuánto tiempo es válida esta visa ?,how long is this visa valid ?,seq2seq_beam,how long is it this american ?,0.7142857142857143,1.0,semantic_or_grammar_error
¿ por cuánto tiempo es válida esta visa ?,how long is this visa valid ?,seq2seq_greedy,how long is it this american ?,0.7142857142857143,1.0,semantic_or_grammar_error
¿ por cuánto tiempo es válida esta visa ?,how long is this visa valid ?,transformer_beam,how long is this nonsense ?,0.7142857142857143,0.8571428571428571,semantic_or_grammar_error
¿ por cuánto tiempo es válida esta visa ?,how long is this visa valid ?,transformer_greedy,how long is this nonsense ?,0.7142857142857143,0.8571428571428571,semantic_or_grammar_error
no entiendo cómo puedes comer eso .,i don t see how you can eat that stuff .,seq2seq_beam,i don t understand how to eat that .,0.6363636363636364,0.8181818181818182,semantic_or_grammar_error
no entiendo cómo puedes comer eso .,i don t see how you can eat that stuff .,seq2seq_greedy,i don t understand how to eat that .,0.6363636363636364,0.8181818181818182,semantic_or_grammar_error
no entiendo cómo puedes comer eso .,i don t see how you can eat that stuff .,transformer_beam,i can t understand how to eat that .,0.6363636363636364,0.8181818181818182,semantic_or_grammar_error
no entiendo cómo puedes comer eso .,i don t see how you can eat that stuff .,transformer_greedy,i can t understand how to eat that .,0.6363636363636364,0.8181818181818182,semantic_or_grammar_error
un humo negro salió de la chimenea .,black smoke came out of the chimney .,seq2seq_beam,a wet black went off the chimney .,0.5,1.0,semantic_or_grammar_error
un humo negro salió de la chimenea .,black smoke came out of the chimney .,seq2seq_greedy,a stewardess black is the chimney .,0.5,0.875,semantic_or_grammar_error
un humo negro salió de la chimenea .,black smoke came out of the chimney .,transformer_beam,smoke came out of the black .,0.875,0.875,semantic_or_grammar_error
un humo negro salió de la chimenea .,black smoke came out of the chimney .,transformer_greedy,smoke was a great flood .,0.25,0.75,semantic_or_grammar_error
de acuerdo al anciano que conocí ayer las cucarachas pueden comerse y no saben nada mal .,according to the old man i met yesterday cockroaches can be eaten and don t taste all that bad .,seq2seq_beam,every you to the the i i i ve met the other and i can t know anything bad .,0.45,1.0,semantic_or_grammar_error
de acuerdo al anciano que conocí ayer las cucarachas pueden comerse y no saben nada mal .,according to the old man i met yesterday cockroaches can be eaten and don t taste all that bad .,seq2seq_greedy,every you to the the i i i i i can see how and i can t know anything bad .,0.4,1.05,semantic_or_grammar_error
de acuerdo al anciano que conocí ayer las cucarachas pueden comerse y no saben nada mal .,according to the old man i met yesterday cockroaches can be eaten and don t taste all that bad .,transformer_beam,as far as far as i knew nothing could have happened .,0.1,0.6,low_keyword_overlap
de acuerdo al anciano que conocí ayer las cucarachas pueden comerse y no saben nada mal .,according to the old man i met yesterday cockroaches can be eaten and don t taste all that bad .,transformer_greedy,as far as it could not be seen as i met yesterday and i met her .,0.3,0.85,semantic_or_grammar_error
gracias por vuestra ayuda .,thank you for your help .,seq2seq_beam,thank you for your help .,1.0,1.0,semantic_or_grammar_error
gracias por vuestra ayuda .,thank you for your help .,seq2seq_greedy,thank you for your help .,1.0,1.0,semantic_or_grammar_error
gracias por vuestra ayuda .,thank you for your help .,transformer_beam,thank you for your help .,1.0,1.0,semantic_or_grammar_error
gracias por vuestra ayuda .,thank you for your help .,transformer_greedy,thank you for your help .,1.0,1.0,semantic_or_grammar_error
¿ cuándo empieza ?,when does it start ?,seq2seq_beam,when will he begin ?,0.4,1.0,semantic_or_grammar_error
¿ cuándo empieza ?,when does it start ?,seq2seq_greedy,when will he begin ?,0.4,1.0,semantic_or_grammar_error
¿ cuándo empieza ?,when does it start ?,transformer_beam,when will it begin ?,0.6,1.0,semantic_or_grammar_error
¿ cuándo empieza ?,when does it start ?,transformer_greedy,when will it begin ?,0.6,1.0,semantic_or_grammar_error
el daño está hecho .,the damage is done .,seq2seq_beam,the damage is custom .,0.8,1.0,semantic_or_grammar_error
el daño está hecho .,the damage is done .,seq2seq_greedy,the harm is custom .,0.6,1.0,semantic_or_grammar_error
el daño está hecho .,the damage is done .,transformer_beam,the purpose is done .,0.8,1.0,semantic_or_grammar_error
el daño está hecho .,the damage is done .,transformer_greedy,the purpose is done .,0.8,1.0,semantic_or_grammar_error
se conocieron en una cita a ciegas .,they met on a blind date .,seq2seq_beam,they left in a a to a walk .,0.42857142857142855,1.2857142857142858,semantic_or_grammar_error
se conocieron en una cita a ciegas .,they met on a blind date .,seq2seq_greedy,he left in a to a a .,0.2857142857142857,1.1428571428571428,semantic_or_grammar_error
se conocieron en una cita a ciegas .,they met on a blind date .,transformer_beam,he has a date seat .,0.42857142857142855,0.8571428571428571,semantic_or_grammar_error
se conocieron en una cita a ciegas .,they met on a blind date .,transformer_greedy,he has a date seat .,0.42857142857142855,0.8571428571428571,semantic_or_grammar_error
¿ eres real ?,are you for real ?,seq2seq_beam,are you a ?,0.6,0.8,semantic_or_grammar_error
¿ eres real ?,are you for real ?,seq2seq_greedy,are you a ?,0.6,0.8,semantic_or_grammar_error
¿ eres real ?,are you for real ?,transformer_beam,are you famous ?,0.6,0.8,semantic_or_grammar_error
¿ eres real ?,are you for real ?,transformer_greedy,are you famous ?,0.6,0.8,semantic_or_grammar_error
¿ conoces a los padres de tomás ?,do you know tom s parents ?,seq2seq_beam,do you know tom s parents ?,1.0,1.0,semantic_or_grammar_error
¿ conoces a los padres de tomás ?,do you know tom s parents ?,seq2seq_greedy,do you know tom s parents ?,1.0,1.0,semantic_or_grammar_error
¿ conoces a los padres de tomás ?,do you know tom s parents ?,transformer_beam,do you know tom s parents ?,1.0,1.0,semantic_or_grammar_error
¿ conoces a los padres de tomás ?,do you know tom s parents ?,transformer_greedy,do you know tom s parents ?,1.0,1.0,semantic_or_grammar_error
tom no sabe si vendrá mary .,tom doesn t know if mary will come .,seq2seq_beam,tom doesn t know if mary will come .,1.0,1.0,semantic_or_grammar_error
tom no sabe si vendrá mary .,tom doesn t know if mary will come .,seq2seq_greedy,tom doesn t know if mary will break .,0.8888888888888888,1.0,semantic_or_grammar_error
tom no sabe si vendrá mary .,tom doesn t know if mary will come .,transformer_beam,tom doesn t know whether mary will come .,0.8888888888888888,1.0,semantic_or_grammar_error
tom no sabe si vendrá mary .,tom doesn t know if mary will come .,transformer_greedy,tom doesn t know whether mary will come .,0.8888888888888888,1.0,semantic_or_grammar_error
había algunos niños en el cuarto .,there were a few children in the room .,seq2seq_beam,there were some children in the room room .,0.7777777777777778,1.0,semantic_or_grammar_error
había algunos niños en el cuarto .,there were a few children in the room .,seq2seq_greedy,there were some children in the room room .,0.7777777777777778,1.0,semantic_or_grammar_error
había algunos niños en el cuarto .,there were a few children in the room .,transformer_beam,there were some children in the room .,0.7777777777777778,0.8888888888888888,semantic_or_grammar_error
había algunos niños en el cuarto .,there were a few children in the room .,transformer_greedy,there were some children in the room .,0.7777777777777778,0.8888888888888888,semantic_or_grammar_error
tom es mayor que mary .,tom is older than mary .,seq2seq_beam,tom is older than mary .,1.0,1.0,semantic_or_grammar_error
tom es mayor que mary .,tom is older than mary .,seq2seq_greedy,tom is older than mary .,1.0,1.0,semantic_or_grammar_error
tom es mayor que mary .,tom is older than mary .,transformer_beam,tom is older than mary .,1.0,1.0,semantic_or_grammar_error
tom es mayor que mary .,tom is older than mary .,transformer_greedy,tom is mary .,0.6666666666666666,0.6666666666666666,semantic_or_grammar_error
algunas personas comen el sushi con las manos .,some people eat sushi with their hands .,seq2seq_beam,some people people the the with your hands .,0.625,1.125,semantic_or_grammar_error
algunas personas comen el sushi con las manos .,some people eat sushi with their hands .,seq2seq_greedy,some people people the the with your hands .,0.625,1.125,semantic_or_grammar_error
algunas personas comen el sushi con las manos .,some people eat sushi with their hands .,transformer_beam,some people tend to associate with your hands .,0.625,1.125,semantic_or_grammar_error
algunas personas comen el sushi con las manos .,some people eat sushi with their hands .,transformer_greedy,some people tend to associate with the hands .,0.625,1.125,semantic_or_grammar_error
el tren ya había salido cuando llegué a la estación .,the train had already left when i arrived at the station .,seq2seq_beam,the train had already when i arrived at the station .,0.9090909090909091,0.9166666666666666,semantic_or_grammar_error
el tren ya había salido cuando llegué a la estación .,the train had already left when i arrived at the station .,seq2seq_greedy,the train had already when i arrived at the station .,0.9090909090909091,0.9166666666666666,semantic_or_grammar_error
el tren ya había salido cuando llegué a la estación .,the train had already left when i arrived at the station .,transformer_beam,the train had already left .,0.5454545454545454,0.5,under_translation
el tren ya había salido cuando llegué a la estación .,the train had already left when i arrived at the station .,transformer_greedy,i broke the train had already left .,0.6363636363636364,0.6666666666666666,semantic_or_grammar_error
han venido demasiado pronto .,you ve come too early .,seq2seq_beam,they ve arrived too early early .,0.6666666666666666,1.1666666666666667,semantic_or_grammar_error
han venido demasiado pronto .,you ve come too early .,seq2seq_greedy,they come too much early .,0.6666666666666666,1.0,semantic_or_grammar_error
han venido demasiado pronto .,you ve come too early .,transformer_beam,you have come too soon .,0.6666666666666666,1.0,semantic_or_grammar_error
han venido demasiado pronto .,you ve come too early .,transformer_greedy,you have come too soon .,0.6666666666666666,1.0,semantic_or_grammar_error
no tengo esposa .,i have no wife .,seq2seq_beam,i don t have a hurry .,0.6,1.4,semantic_or_grammar_error
no tengo esposa .,i have no wife .,seq2seq_greedy,i don t have a .,0.6,1.2,semantic_or_grammar_error
no tengo esposa .,i have no wife .,transformer_beam,i have no wife .,1.0,1.0,semantic_or_grammar_error
no tengo esposa .,i have no wife .,transformer_greedy,i don t have wife .,0.8,1.2,semantic_or_grammar_error
ayer tom volvió a casa pronto .,tom came home early yesterday .,seq2seq_beam,yesterday he returned home early .,0.6666666666666666,1.0,semantic_or_grammar_error
ayer tom volvió a casa pronto .,tom came home early yesterday .,seq2seq_greedy,tom returned he returned home early .,0.6666666666666666,1.1666666666666667,semantic_or_grammar_error
ayer tom volvió a casa pronto .,tom came home early yesterday .,transformer_beam,tom came back home early yesterday .,1.0,1.1666666666666667,semantic_or_grammar_error
ayer tom volvió a casa pronto .,tom came home early yesterday .,transformer_greedy,tom came home early yesterday .,1.0,1.0,semantic_or_grammar_error
no llegué a casa hasta las dos y media .,i didn t get home until .,seq2seq_beam,i don t go home until .,0.7142857142857143,1.0,semantic_or_grammar_error
no llegué a casa hasta las dos y media .,i didn t get home until .,seq2seq_greedy,i don t go until till .,0.5714285714285714,1.0,semantic_or_grammar_error
no llegué a casa hasta las dos y media .,i didn t get home until .,transformer_beam,i didn t come at home until .,0.8571428571428571,1.1428571428571428,semantic_or_grammar_error
no llegué a casa hasta las dos y media .,i didn t get home until .,transformer_greedy,i didn t come to the house and wait until .,0.7142857142857143,1.5714285714285714,semantic_or_grammar_error
tom tiene piernas delgadas .,tom has skinny legs .,seq2seq_beam,tom has nice sick .,0.6,1.0,semantic_or_grammar_error
tom tiene piernas delgadas .,tom has skinny legs .,seq2seq_greedy,tom has nice been .,0.6,1.0,semantic_or_grammar_error
tom tiene piernas delgadas .,tom has skinny legs .,transformer_beam,tom has legs .,0.8,0.8,semantic_or_grammar_error
tom tiene piernas delgadas .,tom has skinny legs .,transformer_greedy,tom has legs .,0.8,0.8,semantic_or_grammar_error
prometí que no se lo contaría a él .,i promised not to tell him .,seq2seq_beam,i promised that wouldn t tell him .,0.7142857142857143,1.1428571428571428,semantic_or_grammar_error
prometí que no se lo contaría a él .,i promised not to tell him .,seq2seq_greedy,i promised that wouldn t tell him .,0.7142857142857143,1.1428571428571428,semantic_or_grammar_error
prometí que no se lo contaría a él .,i promised not to tell him .,transformer_beam,he won t do what he did .,0.14285714285714285,1.1428571428571428,low_keyword_overlap
prometí que no se lo contaría a él .,i promised not to tell him .,transformer_greedy,he won t do what he did .,0.14285714285714285,1.1428571428571428,low_keyword_overlap
llevamos tres años casados .,we have been married for three years .,seq2seq_beam,we have three years old .,0.625,0.75,semantic_or_grammar_error
llevamos tres años casados .,we have been married for three years .,seq2seq_greedy,we have been married three years old .,0.875,1.0,semantic_or_grammar_error
llevamos tres años casados .,we have been married for three years .,transformer_beam,we got married three years old .,0.625,0.875,semantic_or_grammar_error
llevamos tres años casados .,we have been married for three years .,transformer_greedy,we got married three years old .,0.625,0.875,semantic_or_grammar_error
en verdad quiero hablar contigo .,i very much want to speak with you .,seq2seq_beam,i m really want to talk to you .,0.5555555555555556,1.0,semantic_or_grammar_error
en verdad quiero hablar contigo .,i very much want to speak with you .,seq2seq_greedy,i m really want to talk to you .,0.5555555555555556,1.0,semantic_or_grammar_error
en verdad quiero hablar contigo .,i very much want to speak with you .,transformer_beam,i want to talk to you in a truth .,0.5555555555555556,1.1111111111111112,semantic_or_grammar_error
en verdad quiero hablar contigo .,i very much want to speak with you .,transformer_greedy,i want to talk to you in a truth .,0.5555555555555556,1.1111111111111112,semantic_or_grammar_error
el niño poco a poco hizo algunos nuevos amigos .,the small boy slowly made some new friends .,seq2seq_beam,the little little little little money to be friends .,0.3333333333333333,1.1111111111111112,semantic_or_grammar_error
el niño poco a poco hizo algunos nuevos amigos .,the small boy slowly made some new friends .,seq2seq_greedy,the little little little little money to friends friends .,0.3333333333333333,1.1111111111111112,semantic_or_grammar_error
el niño poco a poco hizo algunos nuevos amigos .,the small boy slowly made some new friends .,transformer_beam,the little boy did .,0.3333333333333333,0.5555555555555556,under_translation
el niño poco a poco hizo algunos nuevos amigos .,the small boy slowly made some new friends .,transformer_greedy,the little boy made a little three little friends .,0.5555555555555556,1.1111111111111112,semantic_or_grammar_error
ellos siguieron peleando contra los invasores año tras año .,they continued fighting against the invaders year after year .,seq2seq_beam,they kept to the the the last year after year .,0.5555555555555556,1.1,semantic_or_grammar_error
ellos siguieron peleando contra los invasores año tras año .,they continued fighting against the invaders year after year .,seq2seq_greedy,they kept to the the the last year after year .,0.5555555555555556,1.1,semantic_or_grammar_error
ellos siguieron peleando contra los invasores año tras año .,they continued fighting against the invaders year after year .,transformer_beam,they look against the year .,0.5555555555555556,0.6,semantic_or_grammar_error
ellos siguieron peleando contra los invasores año tras año .,they continued fighting against the invaders year after year .,transformer_greedy,they grind the year old ice cream .,0.4444444444444444,0.8,semantic_or_grammar_error
apágalo .,turn it off .,seq2seq_beam,you d like it .,0.5,1.25,semantic_or_grammar_error
apágalo .,turn it off .,seq2seq_greedy,it d like it .,0.5,1.25,semantic_or_grammar_error
apágalo .,turn it off .,transformer_beam,come back .,0.25,0.75,semantic_or_grammar_error
apágalo .,turn it off .,transformer_greedy,it s his back .,0.5,1.25,semantic_or_grammar_error
ella es simpática conmigo .,she s nice to me .,seq2seq_beam,she is a strict with me .,0.5,1.1666666666666667,semantic_or_grammar_error
ella es simpática conmigo .,she s nice to me .,seq2seq_greedy,she is a with me .,0.5,1.0,semantic_or_grammar_error
ella es simpática conmigo .,she s nice to me .,transformer_beam,she s hers with me .,0.6666666666666666,1.0,semantic_or_grammar_error
ella es simpática conmigo .,she s nice to me .,transformer_greedy,she s hers with me .,0.6666666666666666,1.0,semantic_or_grammar_error
ése es mi lápiz .,that s my pencil .,seq2seq_beam,this is my pencil .,0.6,1.0,semantic_or_grammar_error
ése es mi lápiz .,that s my pencil .,seq2seq_greedy,this is my pencil .,0.6,1.0,semantic_or_grammar_error
ése es mi lápiz .,that s my pencil .,transformer_beam,this is my pencil .,0.6,1.0,semantic_or_grammar_error
ése es mi lápiz .,that s my pencil .,transformer_greedy,this is my pencil .,0.6,1.0,semantic_or_grammar_error
una gran ola volcó su canoa .,a big wave turned over his canoe .,seq2seq_beam,a big people showed his his brother .,0.5,1.0,semantic_or_grammar_error
una gran ola volcó su canoa .,a big wave turned over his canoe .,seq2seq_greedy,a big people showed his his brother .,0.5,1.0,semantic_or_grammar_error
una gran ola volcó su canoa .,a big wave turned over his canoe .,transformer_beam,his lifetime a great flood on his worthy .,0.375,1.125,semantic_or_grammar_error
una gran ola volcó su canoa .,a big wave turned over his canoe .,transformer_greedy,his worthy is worthy in a great loss his worthy .,0.375,1.375,semantic_or_grammar_error
por favor lea las instrucciones .,please read the instructions .,seq2seq_beam,please read the instructions .,1.0,1.0,semantic_or_grammar_error
por favor lea las instrucciones .,please read the instructions .,seq2seq_greedy,please read the instructions .,1.0,1.0,semantic_or_grammar_error
por favor lea las instrucciones .,please read the instructions .,transformer_beam,please read the instructions .,1.0,1.0,semantic_or_grammar_error
por favor lea las instrucciones .,please read the instructions .,transformer_greedy,please read the instructions .,1.0,1.0,semantic_or_grammar_error
tom conoce las consecuencias .,tom knows the stakes .,seq2seq_beam,tom knows the glasses .,0.8,1.0,semantic_or_grammar_error
tom conoce las consecuencias .,tom knows the stakes .,seq2seq_greedy,tom knows the glasses .,0.8,1.0,semantic_or_grammar_error
tom conoce las consecuencias .,tom knows the stakes .,transformer_beam,tom knows the laws .,0.8,1.0,semantic_or_grammar_error
tom conoce las consecuencias .,tom knows the stakes .,transformer_greedy,tom knows the laws .,0.8,1.0,semantic_or_grammar_error
te advierto que no lo hagas otra vez .,i m warning you not to do it again .,seq2seq_beam,i d like you wouldn t do it again .,0.6,1.0,semantic_or_grammar_error
te advierto que no lo hagas otra vez .,i m warning you not to do it again .,seq2seq_greedy,i d like you do not do again .,0.6,0.9,semantic_or_grammar_error
te advierto que no lo hagas otra vez .,i m warning you not to do it again .,transformer_beam,don t do what you think .,0.3,0.7,semantic_or_grammar_error
te advierto que no lo hagas otra vez .,i m warning you not to do it again .,transformer_greedy,don t do what you think .,0.3,0.7,semantic_or_grammar_error
miro televisión con mi hija .,i watch television with my daughter .,seq2seq_beam,i watch up with my daughter .,0.8571428571428571,1.0,semantic_or_grammar_error
miro televisión con mi hija .,i watch television with my daughter .,seq2seq_greedy,i watch up with my daughter .,0.8571428571428571,1.0,semantic_or_grammar_error
miro televisión con mi hija .,i watch television with my daughter .,transformer_beam,my daughter is dressed with a daughter .,0.5714285714285714,1.1428571428571428,semantic_or_grammar_error
miro televisión con mi hija .,i watch television with my daughter .,transformer_greedy,my daughter is dressed with a daughter .,0.5714285714285714,1.1428571428571428,semantic_or_grammar_error
su nuevo marido resultó ser una mala persona .,her new husband turned out to be a bad person .,seq2seq_beam,his new new product to be a bad person .,0.6363636363636364,0.9090909090909091,semantic_or_grammar_error
su nuevo marido resultó ser una mala persona .,her new husband turned out to be a bad person .,seq2seq_greedy,his new new product to be a bad person .,0.6363636363636364,0.9090909090909091,semantic_or_grammar_error
su nuevo marido resultó ser una mala persona .,her new husband turned out to be a bad person .,transformer_beam,a new person who turned out to be a bad person .,0.8181818181818182,1.0909090909090908,semantic_or_grammar_error
su nuevo marido resultó ser una mala persona .,her new husband turned out to be a bad person .,transformer_greedy,his new person was a bad person .,0.45454545454545453,0.7272727272727273,semantic_or_grammar_error
somos buenos amigos desde hace mucho .,we have been good friends for a long time .,seq2seq_beam,we re good friends for a long .,0.7,0.8,semantic_or_grammar_error
somos buenos amigos desde hace mucho .,we have been good friends for a long time .,seq2seq_greedy,we re good friends for a long .,0.7,0.8,semantic_or_grammar_error
somos buenos amigos desde hace mucho .,we have been good friends for a long time .,transformer_beam,we re a lot of friends .,0.4,0.7,semantic_or_grammar_error
somos buenos amigos desde hace mucho .,we have been good friends for a long time .,transformer_greedy,we re a lot of friends .,0.4,0.7,semantic_or_grammar_error
¿ de verdad es tan difícil de creer ?,is it really so hard to believe ?,seq2seq_beam,is really really so difficult to me ?,0.625,1.0,semantic_or_grammar_error
¿ de verdad es tan difícil de creer ?,is it really so hard to believe ?,seq2seq_greedy,is really really hard to believe ?,0.75,0.875,semantic_or_grammar_error
¿ de verdad es tan difícil de creer ?,is it really so hard to believe ?,transformer_beam,it s really hard to believe that ?,0.75,1.0,semantic_or_grammar_error
¿ de verdad es tan difícil de creer ?,is it really so hard to believe ?,transformer_greedy,it s really hard to believe that ?,0.75,1.0,semantic_or_grammar_error
lo sabemos .,we know that .,seq2seq_beam,we know it .,0.75,1.0,semantic_or_grammar_error
lo sabemos .,we know that .,seq2seq_greedy,we know it .,0.75,1.0,semantic_or_grammar_error
lo sabemos .,we know that .,transformer_beam,we know it .,0.75,1.0,semantic_or_grammar_error
lo sabemos .,we know that .,transformer_greedy,we know it .,0.75,1.0,semantic_or_grammar_error
tom no soporta el olor del humo de cigarro .,tom can t stand the smell of cigarette smoke .,seq2seq_beam,tom can t the the suspect of the cigarette .,0.7,1.0,semantic_or_grammar_error
tom no soporta el olor del humo de cigarro .,tom can t stand the smell of cigarette smoke .,seq2seq_greedy,tom can t swim the suspect of the cigarette .,0.7,1.0,semantic_or_grammar_error
tom no soporta el olor del humo de cigarro .,tom can t stand the smell of cigarette smoke .,transformer_beam,tom pulled the smell of the smell .,0.5,0.8,semantic_or_grammar_error
tom no soporta el olor del humo de cigarro .,tom can t stand the smell of cigarette smoke .,transformer_greedy,tom pulled the smell of the smell .,0.5,0.8,semantic_or_grammar_error
cómete tu comida .,eat your food .,seq2seq_beam,write your food .,0.75,1.0,semantic_or_grammar_error
cómete tu comida .,eat your food .,seq2seq_greedy,write your food .,0.75,1.0,semantic_or_grammar_error
cómete tu comida .,eat your food .,transformer_beam,eat your food .,1.0,1.0,semantic_or_grammar_error
cómete tu comida .,eat your food .,transformer_greedy,eat your food .,1.0,1.0,semantic_or_grammar_error
no sabía que él bebiera tanto .,i didn t know he drank so much .,seq2seq_beam,i didn t know that he would be so angry .,0.7777777777777778,1.2222222222222223,semantic_or_grammar_error
no sabía que él bebiera tanto .,i didn t know he drank so much .,seq2seq_greedy,i didn t know that he would be so angry .,0.7777777777777778,1.2222222222222223,semantic_or_grammar_error
no sabía que él bebiera tanto .,i didn t know he drank so much .,transformer_beam,he didn t know so much .,0.7777777777777778,0.7777777777777778,semantic_or_grammar_error
no sabía que él bebiera tanto .,i didn t know he drank so much .,transformer_greedy,i didn t know he could not come so much .,0.8888888888888888,1.2222222222222223,semantic_or_grammar_error
ella tiene flores en la mano .,she has flowers in her hand .,seq2seq_beam,she has flowers in her hand .,1.0,1.0,semantic_or_grammar_error
ella tiene flores en la mano .,she has flowers in her hand .,seq2seq_greedy,she has flowers in her hand .,1.0,1.0,semantic_or_grammar_error
ella tiene flores en la mano .,she has flowers in her hand .,transformer_beam,she has flowers in the flowers .,0.7142857142857143,1.0,semantic_or_grammar_error
ella tiene flores en la mano .,she has flowers in her hand .,transformer_greedy,she has flowers in the flowers .,0.7142857142857143,1.0,semantic_or_grammar_error
él usó su mano para proteger sus ojos de la luz del sol .,he used his hand to screen the sunlight from his eyes .,seq2seq_beam,he used his hand to his his his the the sun .,0.6363636363636364,1.0,semantic_or_grammar_error
él usó su mano para proteger sus ojos de la luz del sol .,he used his hand to screen the sunlight from his eyes .,seq2seq_greedy,he used his hand to his his his his the sun .,0.6363636363636364,1.0,semantic_or_grammar_error
él usó su mano para proteger sus ojos de la luz del sol .,he used his hand to screen the sunlight from his eyes .,transformer_beam,he used his hand to support the sun .,0.6363636363636364,0.75,semantic_or_grammar_error
él usó su mano para proteger sus ojos de la luz del sol .,he used his hand to screen the sunlight from his eyes .,transformer_greedy,he used his hand to support his hand for the speed .,0.6363636363636364,1.0,semantic_or_grammar_error
la hicieron esperar más de una hora .,she was made to wait for over an hour .,seq2seq_beam,the made kept more an hour .,0.4,0.7,semantic_or_grammar_error
la hicieron esperar más de una hora .,she was made to wait for over an hour .,seq2seq_greedy,the made kept more an hour .,0.4,0.7,semantic_or_grammar_error
la hicieron esperar más de una hora .,she was made to wait for over an hour .,transformer_beam,they kept waiting for an hour .,0.4,0.7,semantic_or_grammar_error
la hicieron esperar más de una hora .,she was made to wait for over an hour .,transformer_greedy,they made a half of time .,0.2,0.7,semantic_or_grammar_error
le dije que fuera mejor sola .,i suggested that she go alone .,seq2seq_beam,i told him to be better alone .,0.42857142857142855,1.1428571428571428,semantic_or_grammar_error
le dije que fuera mejor sola .,i suggested that she go alone .,seq2seq_greedy,i told him to pay better .,0.2857142857142857,1.0,semantic_or_grammar_error
le dije que fuera mejor sola .,i suggested that she go alone .,transformer_beam,i told him to go alone .,0.5714285714285714,1.0,semantic_or_grammar_error
le dije que fuera mejor sola .,i suggested that she go alone .,transformer_greedy,i told him to go alone .,0.5714285714285714,1.0,semantic_or_grammar_error
tomás trató de parar la pelea entre maría y juan .,tom tried to break up the fight between mary and john .,seq2seq_beam,tom tried to stop mary between mary and john .,0.6666666666666666,0.8333333333333334,semantic_or_grammar_error
tomás trató de parar la pelea entre maría y juan .,tom tried to break up the fight between mary and john .,seq2seq_greedy,tom tried to stop mary between mary and john .,0.6666666666666666,0.8333333333333334,semantic_or_grammar_error
tomás trató de parar la pelea entre maría y juan .,tom tried to break up the fight between mary and john .,transformer_beam,tom tried to stop mary and john .,0.5833333333333334,0.6666666666666666,semantic_or_grammar_error
tomás trató de parar la pelea entre maría y juan .,tom tried to break up the fight between mary and john .,transformer_greedy,tom tried to stop mary and john .,0.5833333333333334,0.6666666666666666,semantic_or_grammar_error
te vi llorar .,i saw you crying .,seq2seq_beam,i saw you crying .,1.0,1.0,semantic_or_grammar_error
te vi llorar .,i saw you crying .,seq2seq_greedy,i saw you crying .,1.0,1.0,semantic_or_grammar_error
te vi llorar .,i saw you crying .,transformer_beam,i saw you cry .,0.8,1.0,semantic_or_grammar_error
te vi llorar .,i saw you crying .,transformer_greedy,i saw you cry .,0.8,1.0,semantic_or_grammar_error
yo nunca me sentí de esta manera antes de conocerte .,i never felt this way before i met you .,seq2seq_beam,i ve never felt this this before i met you .,0.8888888888888888,1.1,semantic_or_grammar_error
yo nunca me sentí de esta manera antes de conocerte .,i never felt this way before i met you .,seq2seq_greedy,i ve never felt this this before you you .,0.7777777777777778,1.0,semantic_or_grammar_error
yo nunca me sentí de esta manera antes de conocerte .,i never felt this way before i met you .,transformer_beam,i never felt this way before i met her .,0.8888888888888888,1.0,semantic_or_grammar_error
yo nunca me sentí de esta manera antes de conocerte .,i never felt this way before i met you .,transformer_greedy,i never felt this way before i met her .,0.8888888888888888,1.0,semantic_or_grammar_error
era una historia verdadera .,it was a true story .,seq2seq_beam,it was a true story .,1.0,1.0,semantic_or_grammar_error
era una historia verdadera .,it was a true story .,seq2seq_greedy,it was a true story .,1.0,1.0,semantic_or_grammar_error
era una historia verdadera .,it was a true story .,transformer_beam,it was a true story .,1.0,1.0,semantic_or_grammar_error
era una historia verdadera .,it was a true story .,transformer_greedy,it was a true story .,1.0,1.0,semantic_or_grammar_error
¿ qué documentos necesitamos nosotros archivar ?,what forms do we need to file ?,seq2seq_beam,what did you do for us ?,0.375,0.875,semantic_or_grammar_error
¿ qué documentos necesitamos nosotros archivar ?,what forms do we need to file ?,seq2seq_greedy,what did you do for us ?,0.375,0.875,semantic_or_grammar_error
¿ qué documentos necesitamos nosotros archivar ?,what forms do we need to file ?,transformer_beam,what forms were we looking for us ?,0.5,1.0,semantic_or_grammar_error
¿ qué documentos necesitamos nosotros archivar ?,what forms do we need to file ?,transformer_greedy,what forms were we looking for us ?,0.5,1.0,semantic_or_grammar_error
todavía eres demasiado joven para tener carnet de conducir .,you re still too young to get a driver s license .,seq2seq_beam,you still still too young to be your driver s license .,0.75,1.0,semantic_or_grammar_error
todavía eres demasiado joven para tener carnet de conducir .,you re still too young to get a driver s license .,seq2seq_greedy,you still still too young to be your driver .,0.5833333333333334,0.8333333333333334,semantic_or_grammar_error
todavía eres demasiado joven para tener carnet de conducir .,you re still too young to get a driver s license .,transformer_beam,you re still too young to drive .,0.5833333333333334,0.6666666666666666,semantic_or_grammar_error
todavía eres demasiado joven para tener carnet de conducir .,you re still too young to get a driver s license .,transformer_greedy,you re still too young to drive .,0.5833333333333334,0.6666666666666666,semantic_or_grammar_error
